tidak bisa,tidak bisa
tidak bisa,tidak bisa
tidak dapat,tidak bisa
bagus sekali,luar biasa
excnete,luar biasa
tidak punya,tidak punya
saya tidak tahu,saya tidak tahu
murah,murah
lebih murah,murah
tidak ada keluhan,senang
tidak ada kontrak,independen
tidak baik,buruk
tidak ada lagging,cepat
tidak lagi berfungsi,berhenti bekerja
tidak masalah,baik
tidak ada suara,diam
tidak ada dukungan,tidak didukung
tidak ada masalah,baik
tidak bisa dilepas,cocok
tidak buruk,baik
bukan omong kosong,baik
bukan penggemar,benci
tidak bagus,buruk
tidak bagus,buruk
tidak rendah,tinggi
tidak bisa,tidak bisa
tidak ditambahkan,mengurangi
tidak muncul,menghilang
tidak sebagus,seburuk
tidak buruk,baik
tidak bisa,tidak bisa
tidak akan kecewa,senang
tidak lebih puas,sangat puas
tidak mampu,tidak bisa
tidak membawa,mengecualikan
tidak beli,menolak untuk membeli
tidak ditangkap,kalah
tidak jelas,rumit
tidak cocok,buruk
tidak mudah,keras
bahkan tidak punya,kalah
bahkan tidak kembali,permintaan
tidak semua,beberapa
tidak ditemukan,kehilangan
tidak sehat,tak layak
tidak mendapatkan,kalah
tidak baik,buruk
tidak hebat,buruk
tidak separuh buruk,baik
tidak senang,sedih
tidak punya,kalah
tidak punya,kalah
tidak mendengar,mengabaikan
bukan kehormatan,mengabaikan
tidak adil,timpang
tidak mengetahui,lupa
tidak suka,benci
tidak suka,benci
tidak suka,benci
tidak suka,benci
tidak terkunci,terbuka
tidak terlihat,mengabaikan
tidak keras,rendah
tidak bertemu,tak layak
bukan satu masalah,baik
Tidak buka,dekat
tidak beroperasi,tidak bisa beroperasi
tidak terbayar,hutang
tidak memungkinkan,mustahil
tidak menyalakan,mati
tidak dibeli,menolak
tidak juga,tidak setuju
tidak merekomendasikan,buruk
tidak merespon,berhenti bekerja
tidak merespon,berhenti bekerja
tidak mempertahankan,tidak terawat
tidak kembali,permintaan
tidak puas,tidak bahagia
tidak disegel,terbuka
Tidak pintar,menipu
tidak lancar,kasar
tidak mendukung,tidak mendukung
tidak yakin,tidak yakin
tidak terlalu tinggi,rendah
tidak mati,nyalakan
tidak menyala,mati
tidak terkunci,terkunci
tidak digunakan,bebas
tidak berguna,tak berguna
tidak menggunakan,bebas
Tidak begitu bagus,buruk
tidak terlalu kuat,buruk
tidak bangun,mati
tidak ingin,mengabaikan
tidak tahan air,basah
tidak dengan,tanpa
tidak berfungsi,berhenti bekerja
tidak layak,buruk
phono,telepon
buruk,buruk
bahkan tidak punya,tidak ada
tidak dimasukkan,tidak ada
tidak mengetahui,salah paham
bukan yang terakhir,jauh
tak sebanyak itu,beberapa
tidak meletakkannya,menggunakan
tidak terlalu baik,buruk
tidak mengerti,salah paham
tidak menyadari,salah paham
tidak semua,setengah dari
Tidak ada masalah,baik
tidak membosankan,menarik
tidak menunggu,harus
tidak suka,benci
tidak sia-sia,menggunakan
bukan penggemar pelukan,benci
tidak punya,tidak ada
tidak bekerja,berhenti
tidak tinggal,kosong
tidak mengeluh,setuju
tidak cocok,tidak cocok
tidak terhubung,terputus
tidak ada internet,tanpa internet
tidak membuat,tidak bisa
tidak membingungkan,bersih
tidak dikenakan biaya,gratis
bukan yang terbaik,buruk
bukan lelucon,serius
bukan kekuatan,mati
tidak menawarkan,tidak ada
tidak tercapai,tidak terjangkau
tidak dalam kondisi baik,buruk
tidak lagi,beberapa
tidak diperbaiki,rusak
tidak menyalahkan,menerima
tidak banyak,beberapa
jangan biarkan,melarang
tidak begitu relevan,tidak relevan
tidak diganti,permanen
tidak sempurna,cukup baik
tidak menerima,menolak
